{"schema":6,"addons":[{"id":"{20fc2e06-e3e4-4b2b-812b-ab431220cada}","icons":{"32":"https://addons.mozilla.org/user-media/addon_icons/899/899962-32.png?modified=82f69a9d","64":"https://addons.mozilla.org/user-media/addon_icons/899/899962-64.png?modified=82f69a9d","128":"https://addons.mozilla.org/user-media/addon_icons/899/899962-128.png?modified=82f69a9d"},"name":"Startpage — Datenschutz-Suchmaschine","version":"1.3.0","sourceURI":"https://addons.mozilla.org/firefox/downloads/file/3421533/startpage_private_search-1.3.0.xpi","homepageURL":null,"supportURL":"https://support.startpage.com","description":"Diese Suchmaschinen-Erweiterung schützt User vor Tracking und ermöglicht die Websuche in absoluter Privatsphäre.","fullDescription":"Privatsphäre und Komfort kombiniert in einer einzigen Suchmaschine. Sichere Suche ohne Tracking, Speichern oder Verkauf des Suchverlaufs. Websuche in absoluter Privatsphäre.\nDamit deine Privatsphäre immer geschützt ist UND du Startpage direkt in der Adressleiste verwendest, empfehlen wir, unsere Suchmaschinen-Browsererweiterung zu installieren.\n\nDie Startpage Datenschutz-Suche und Browsererweiterung:\n- Wird NIEMALS deine persönlichen oder Suchmaschinen-Daten speichern, teilen oder verkaufen\n- Liefert Google-Suchergebnisse\n- Setzt keine Tracker oder Cookies von Drittanbietern ein wie andere Suchmaschinen\n- Garantiert unverfälschte Suchergebnisse und garantiert allen Menschen weltweit dieselben Ergebnisse\n- Ermöglicht Usern, Suchergebnisse mit der Proxy-Funktion “Anonyme Ansicht” unerkannt zu besuchen\n- Schützt User weltweit durch europäische und niederländische Datenschutzgesetze\n- Ist DSGVO- und CCPA-konform\n\nGewerbliche Bewertungen:\n- Computer Bild: „Gehen Sie auf Nummer sicher, vertrauen Sie der diskretesten Suchmaschine der Welt und lassen StartPage für Ihre Privatsphäre arbeiten.“\n- CHIP: „Mit dem CHIP Suchmaschinen Testsieger Startpage nutzen Sie Google anonym und ohne Tracking.“\n- NZZ: „Startpage ist die bessere Suchmaschine“\n- Futurezone Österreich: „Die Idee, Links über einen Proxy-Server anzusurfen, ist gut. Diese Funktion so umzusetzen, dass jeder sie mit einem Klick nutzen kann, ist noch besser.“\n\nLies hier, warum Startpage die diskreteste Suchmaschine der Welt ist:\n- Homepage: www.startpage.com\n- Datenschutzrichtlinie: https://www.startpage.com/de/privacy-policy\n- Über uns: https://www.startpage.com/de/about-us\n- Anonyme Ansicht: https://www.startpage.com/de/anonymous-view\n- Support: https://support.startpage.com/index.php?de/Knowledgebase/List\n- Kontakt: support@startpage.com\n\nErzähl uns von deinen Erfahrungen mit Startpage! Sende uns eine E-Mail oder hinterlasse eine Bewertung!","weeklyDownloads":2014,"type":"extension","creator":{"name":"Startpage","url":"https://addons.mozilla.org/de/firefox/user/16505509/"},"developers":[],"screenshots":[{"url":"https://addons.mozilla.org/user-media/previews/full/260/260813.png?modified=1630711526","width":1280,"height":800,"thumbnailURL":"https://addons.mozilla.org/user-media/previews/thumbs/260/260813.jpg?modified=1630711526","thumbnailWidth":533,"thumbnailHeight":333,"caption":"Privat suchen\r\nLegt Startpage als Standardsuchmaschine fest, damit du direkt in deinem Browser suchen kannst."},{"url":"https://addons.mozilla.org/user-media/previews/full/260/260814.png?modified=1630711526","width":1280,"height":800,"thumbnailURL":"https://addons.mozilla.org/user-media/previews/thumbs/260/260814.jpg?modified=1630711526","thumbnailWidth":533,"thumbnailHeight":333,"caption":"Jetzt mit Privatsphäre suchen und surfen\r\nStartpage ist die sicherste Suchmaschine der Welt."},{"url":"https://addons.mozilla.org/user-media/previews/full/260/260815.png?modified=1630711526","width":1280,"height":800,"thumbnailURL":"https://addons.mozilla.org/user-media/previews/thumbs/260/260815.jpg?modified=1630711526","thumbnailWidth":533,"thumbnailHeight":333,"caption":"Privat suchen\r\nJede Suche ist anonym und wird augenblicklich gelöscht - ohne Suchprotokoll oder lästige Retargeting-Anzeigen."},{"url":"https://addons.mozilla.org/user-media/previews/full/260/260816.png?modified=1630711526","width":1280,"height":800,"thumbnailURL":"https://addons.mozilla.org/user-media/previews/thumbs/260/260816.jpg?modified=1630711526","thumbnailWidth":533,"thumbnailHeight":333,"caption":"Private surfen\r\nBesuche und durchsuche Websites ohne Tracking oder Nachverfolgung mit unserer exklusiven Funktion Anonyme Ansicht."},{"url":"https://addons.mozilla.org/user-media/previews/full/260/260817.png?modified=1630711526","width":1280,"height":800,"thumbnailURL":"https://addons.mozilla.org/user-media/previews/thumbs/260/260817.jpg?modified=1630711526","thumbnailWidth":533,"thumbnailHeight":333,"caption":"Ungefilterte Nachrichten und Suchergebnisse\r\nErhalte dieselben News und Suchergebnisse wie jeder Mensch weltweit."}],"contributionURL":"","averageRating":4.4567,"reviewCount":159,"reviewURL":"https://addons.mozilla.org/de/firefox/addon/startpage-private-search/reviews/","updateDate":1570661710000},{"id":"newtaboverride@agenedia.com","icons":{"32":"https://addons.mozilla.org/user-media/addon_icons/626/626810-32.png?modified=mcrushed","64":"https://addons.mozilla.org/user-media/addon_icons/626/626810-64.png?modified=mcrushed","128":"https://addons.mozilla.org/user-media/addon_icons/626/626810-128.png?modified=mcrushed"},"name":"New Tab Override","version":"15.1.1","sourceURI":"https://addons.mozilla.org/firefox/downloads/file/3782413/new_tab_override-15.1.1.xpi","homepageURL":"https://www.soeren-hentzschel.at/firefox-webextensions/new-tab-override/","supportURL":"https://github.com/cadeyrn/newtaboverride/issues","description":"Mit New Tab Override kann die Seite festgelegt werden, welche beim Öffnen eines neuen Tabs angezeigt wird.","fullDescription":"Mit New Tab Override kann die Seite festgelegt werden, welche beim Öffnen eines neuen Tabs angezeigt wird.\n\nFeatures\n\n    Ändere die Seite, welche beim Öffnen eines neuen Tabs erscheint, zu jeder beliebigen Website\n    Verwende automatisch deine aktuelle Startseite als neuen Tab\n    Verwende jede beliebige Farbe als Hintergrundfarbe für den neuen Tab\n    Speichere eine lokale HTML-Datei und verwende deren Inhalt als Inhalt für den neuen Tab\n    Erhalte die neusten Nachrichten über Mozilla als neuen Tab\n    Fokus wahlweise auf Adressleiste oder Website\n    Passe die Position neuer Tabs an\n    Automatisches Voraussstellen von http://, wenn kein Protokoll angegeben wird\n    Kann gemeinsam mit dem Container-Tabs-Feature von Firefox genutzt werden\n    Dark Mode-Unterstützung für Einstellungsseite\n\n\nShortcuts\n\nDie Einstellungs-Oberfläche kann auch via Shift + F12 erreicht werden. Es ist auch möglich, die Einstellungs-Oberfläche durch Eingabe von newtab settings in die Adressleiste oder durch den Menü-Eintrag im Extras-Menü zu öffnen.\n\nSprachen\n\nNew Tab Override steht derzeit in den folgenden Sprachen zur Verfügung:\n\n    Deutsch\n    Englisch\n    Französisch (Danke, SuperPat45 und Mozilla-Commmunity!)\n    Chinesisch, Vereinfacht (Danke, tiansh und Mozilla-Commmunity!)\n    Spanisch (Danke, MissingUser und Mozilla-Commmunity!)\n    Italienisch (Danke, Mozilla-Commmunity!)\n    Russisch (Danke, vanja-san!)\n    Niederländisch (Danke, Tonnes!)\n    Ukrainisch (Danke, Bergil32!)\n    Brasilianisches Portugiesisch (Danke, Mozilla-Commmunity!)\n    Polnisch (Danke, WaldiPL!)\n    Obersorbisch (Danke, milupo!)\n    Niedersorbisch (Danke, milupo!)\n\n\nBerechtigungen\n\nNew Tab Override benötigt verschiedene Berechtigungen, um ordnungsgemäß zu funktionieren. Manche Berechtigungen sind zwingend erforderlich, manche sind optional. Für volle Transparenz listet diese Übersicht auch benötigte Berechtigungen auf, welche Firefox nicht anzeigt.\n\nZwingend erforderliche Berechtigungen. New Tab Override kann ohne diese Berechtigungen nicht installiert werden:\n\n- auf Chronik zugreifen\n\nDie Berechtigung, um auf die Chronik zuzugreifen, wird benötigt, um \"moz-extension://\"-Einträge in der Chronik bei jedem Öffnen eines neuen Tabs zu vermeiden. Ohne diese Berechtigung kann das nicht verhindert werden.\n\n- auf Browsertabs zugreifen\n\nDie Berechtigung, um auf die Browsertabs zuzugreifen, wird benötigt, so dass New Tab Override direkt zu den bereits geöffneten Einstellungen springen kann, falls die Einstellungen bereits in einem anderen Tab geöffnet sind und die Schaltfläche zum Öffnen der Einstellungen geklickt wird.\n\n- Browser-Einstellungen lesen und verändern\n\nDie Berechtigung zum Lesen und Verändern der Browser-Einstellungen wird benötigt, damit die Position neuer Tabs geändert werden kann, sowie um automatisch die Startseite auch als Seite für den neuen Tab verwenden zu können.\n\nOptionale Berechtigungen. Diese Berechtigungen werden nicht zur Installation und Nutzung von New Tab Override benötigt:\n\n- auf Ihre Daten für www.soeren-hentzschel.at zugreifen\n\nDie Berechtigung zum Zugriff auf Ihre Daten für www.soeren-hentzschel.at wird nur benötigt, wenn die Option aktiviert wird, die neuesten Nachrichten über Mozilla im neuen Tab anzuzeigen. Wenn aktiviert, liest New Tab Override dazu den Feed von www.soeren-hentzschel.at aus, um die Nachrichten zu erhalten.\n\nStille Berechtigungen. New Tab Override benötigt ein paar Berechtigungen mehr, für folgende Berechtigungen zeigt Firefox keinen Hinweis an:\n\nmenus\n\nDie \"menus\"-Berechtigung wird benötigt, um einen Menü-Eintrag im Extras-Menü zum Öffnen der Einstellungen von New Tab Override bereitzustellen.\n\nstorage\n\nDie \"storage\"-Berechtigung wird zum Speichern der Einstellungen wie der Seite benötigt, welche beim Öffnen eines neuen Tabs angezeigt wird.\n\nKompatibilität\n\nDie Erweiterung erfordert mindestens Firefox 78. Ältere Firefox-Versionen werden nicht unterstützt.","weeklyDownloads":2265,"type":"extension","creator":{"name":"Sören Hentzschel","url":"https://addons.mozilla.org/de/firefox/user/1351101/"},"developers":[],"screenshots":[{"url":"https://addons.mozilla.org/user-media/previews/full/187/187261.png?modified=1622132317","width":700,"height":398,"thumbnailURL":"https://addons.mozilla.org/user-media/previews/thumbs/187/187261.jpg?modified=1622132317","thumbnailWidth":533,"thumbnailHeight":303},{"url":"https://addons.mozilla.org/user-media/previews/full/187/187262.png?modified=1622132317","width":700,"height":398,"thumbnailURL":"https://addons.mozilla.org/user-media/previews/thumbs/187/187262.jpg?modified=1622132317","thumbnailWidth":533,"thumbnailHeight":303},{"url":"https://addons.mozilla.org/user-media/previews/full/187/187263.png?modified=1622132317","width":700,"height":398,"thumbnailURL":"https://addons.mozilla.org/user-media/previews/thumbs/187/187263.jpg?modified=1622132317","thumbnailWidth":533,"thumbnailHeight":303},{"url":"https://addons.mozilla.org/user-media/previews/full/187/187264.png?modified=1622132317","width":700,"height":398,"thumbnailURL":"https://addons.mozilla.org/user-media/previews/thumbs/187/187264.jpg?modified=1622132317","thumbnailWidth":533,"thumbnailHeight":303},{"url":"https://addons.mozilla.org/user-media/previews/full/187/187265.png?modified=1622132317","width":700,"height":398,"thumbnailURL":"https://addons.mozilla.org/user-media/previews/thumbs/187/187265.jpg?modified=1622132317","thumbnailWidth":533,"thumbnailHeight":303},{"url":"https://addons.mozilla.org/user-media/previews/full/187/187266.png?modified=1622132317","width":700,"height":398,"thumbnailURL":"https://addons.mozilla.org/user-media/previews/thumbs/187/187266.jpg?modified=1622132317","thumbnailWidth":533,"thumbnailHeight":303}],"contributionURL":"https://paypal.me/agenedia/3?utm_content=product-page-contribute&utm_medium=referral&utm_source=addons.mozilla.org","averageRating":4.3301,"reviewCount":372,"reviewURL":"https://addons.mozilla.org/de/firefox/addon/new-tab-override/reviews/","updateDate":1622041027000},{"id":"CanvasBlocker@kkapsner.de","icons":{"32":"https://addons.mozilla.org/user-media/addon_icons/534/534930-32.png?modified=1581849561","64":"https://addons.mozilla.org/user-media/addon_icons/534/534930-64.png?modified=1581849561","128":"https://addons.mozilla.org/user-media/addon_icons/534/534930-128.png?modified=1581849561"},"name":"CanvasBlocker","version":"1.8","sourceURI":"https://addons.mozilla.org/firefox/downloads/file/3910598/canvasblocker-1.8.xpi","homepageURL":"https://github.com/kkapsner/CanvasBlocker/","supportURL":null,"description":"Verändert einige JS-APIs um Fingerprinting zu verhindern.","fullDescription":"Dieses Add-on ermöglicht es Nutzern, Webseiten davon abzuhalten, sie über Javascript APIs zu identifizieren. Nutzer können auswählen, ob die APIs komplett auf bestimmten oder allen Seiten blockiert werden (dies wird die Funktionalität einiger Seiten beeinträchtigen) oder bei den identifikationsfreundlichen Auslese-Funktionen falsche Werte vorzutäuschen.\n\nBei Problemen konsultieren Sie bitte zuerst FAQ. Falls Sie Fehler finden oder Verbesserungsvorschläge haben, teilen Sie mir das bitte auf https://github.com/kkapsner/CanvasBlocker/issues mit.\n\nWICHTIG: Sie sollten nur ein Addon/eine Einstellung aktiv haben, die eine API beschützt. Ansonsten können Sie massive Performanceprobleme bekommen. (Z.B. EclipsedMoon für Palemoon hat 'canvas.poison', was bekanntermaßen Probleme verursacht: https://github.com/kkapsner/CanvasBlocker/issues/253#issuecomment-459499290)\nprivacy.resistFingerprinting kann aber problemlos aktiviert werden und der Fingerprinting-Schutz muss nicht deaktiviert werden.\n\nBeschützte \"Fingerprinting\"-APIs:\n\n    canvas 2d\n    webGL\n    audio\n    history\n    window (standardmäßig deaktiviert)\n    DOMRect\n    navigator (standardmäßig deaktiviert)\n    screen\n\n\nNähere Informationen zum Fingerprinting können Sie finden auf:\n\n    <canvas>: http://www.browserleaks.com/canvas\n    audio:\n        https://audiofingerprint.openwpm.com/ (sehr schlecht geschrieben = langsam)\n        https://webtransparency.cs.princeton.edu/webcensus/#audio-fp\n    DOMRect:\n        http://jcarlosnorte.com/security/2016/03/06/advanced-tor-browser-fingerprinting.html\n        https://browserleaks.com/rects\n\nDie verschiedenen Blockiermodi sind:\n\n    Auslese-API vortäuschen: Standardeinstellung und mein Favorit! Alle Webseiten, die nicht auf der Whitelist oder Blacklist gelistet sind, können die beschützten APIs zur Darstellung verwenden. Werte, die über die APIs zurückgegeben werden, werde so verändert, dass kein konsistenter Fingerprinting erstellt werden kann.\n    um Erlaubnis fragen: Wenn eine Seite weder auf der Whitelist noch auf der Blacklist gelistet ist, wird der Nutzer gefragt, ob die Webseite die beschützten APIs verwenden darf, wenn sie benutzt wird.\n    alles blockieren: Ignoriert alle Listen und blockiert die beschützten APIs auf allen Webseiten.\n    nur Einträge der Whitelist erlauben: Nur Seiten, die in der Whitelist gelistet sind, dürfen die beschützten APIs verwenden.\n    nur Einträge der Blacklist blockieren: Blockiere die beschützten APIs nur auf den Seiten der Blacklist.\n    alles erlauben: Ignoriere alle Listen und erlaube die beschützten APIs auf allen Webseiten.\n","weeklyDownloads":2069,"type":"extension","creator":{"name":"kkapsner","url":"https://addons.mozilla.org/de/firefox/user/11033762/"},"developers":[],"screenshots":[{"url":"https://addons.mozilla.org/user-media/previews/full/194/194239.png?modified=1622132277","width":700,"height":279,"thumbnailURL":"https://addons.mozilla.org/user-media/previews/thumbs/194/194239.jpg?modified=1622132277","thumbnailWidth":533,"thumbnailHeight":212},{"url":"https://addons.mozilla.org/user-media/previews/full/191/191763.png?modified=1622132277","width":278,"height":283,"thumbnailURL":"https://addons.mozilla.org/user-media/previews/thumbs/191/191763.jpg?modified=1622132277","thumbnailWidth":278,"thumbnailHeight":283}],"contributionURL":"","averageRating":4.6412,"reviewCount":139,"reviewURL":"https://addons.mozilla.org/de/firefox/addon/canvasblocker/reviews/","updateDate":1645190729000}]}