{"environment":{"locale":"de","localeLanguageCode":"de","browserSettings":{"update":{"channel":"release","enabled":true,"autoDownload":true,"background":true}},"attributionData":{},"currentDate":"2022-12-09T16:16:57.377Z","profileAgeCreated":1656000964204,"usesFirefoxSync":false,"isFxAEnabled":true,"sync":{"desktopDevices":0,"mobileDevices":0,"totalDevices":0},"xpinstallEnabled":true,"addonsInfo":{"addons":{"{20fc2e06-e3e4-4b2b-812b-ab431220cada}":{"version":"1.3.0","type":"extension","isSystem":false,"isWebExtension":true,"name":"Startpage.com — Datenschutz-Suchmaschine","userDisabled":false,"installDate":"2022-06-23T16:17:28.614Z"},"newtaboverride@agenedia.com":{"version":"15.1.1","type":"extension","isSystem":false,"isWebExtension":true,"name":"New Tab Override","userDisabled":false,"installDate":"2022-06-23T16:17:59.002Z"},"CanvasBlocker@kkapsner.de":{"version":"1.8","type":"extension","isSystem":false,"isWebExtension":true,"name":"CanvasBlocker","userDisabled":false,"installDate":"2022-06-23T16:18:15.660Z"},"formautofill@mozilla.org":{"version":"1.0.1","type":"extension","isSystem":true,"isWebExtension":true,"name":"Form Autofill","userDisabled":false,"installDate":"2022-06-08T21:27:54.000Z"},"pictureinpicture@mozilla.org":{"version":"1.0.0","type":"extension","isSystem":true,"isWebExtension":true,"name":"Picture-In-Picture","userDisabled":false,"installDate":"2022-06-08T21:27:54.000Z"},"screenshots@mozilla.org":{"version":"39.0.1","type":"extension","isSystem":true,"isWebExtension":true,"name":"Firefox Screenshots","userDisabled":false,"installDate":"2022-06-08T21:27:54.000Z"},"webcompat@mozilla.org":{"version":"107.1.0","type":"extension","isSystem":true,"isWebExtension":true,"name":"Web Compatibility Interventions","userDisabled":false,"installDate":"2022-06-08T21:27:54.000Z"},"addons-search-detection@mozilla.com":{"version":"2.0.0","type":"extension","isSystem":false,"isWebExtension":true,"name":"Add-ons Search Detection","userDisabled":false,"installDate":"2022-06-23T16:16:07.137Z"},"google@search.mozilla.org":{"version":"1.2","type":"extension","isSystem":false,"isWebExtension":true,"name":"Google","userDisabled":false,"installDate":"2022-06-23T16:16:07.658Z"},"leo_ende_de@search.mozilla.org":{"version":"1.0","type":"extension","isSystem":false,"isWebExtension":true,"name":"LEO Eng-Deu","userDisabled":false,"installDate":"2022-06-23T16:16:07.846Z"},"ecosia@search.mozilla.org":{"version":"1.1","type":"extension","isSystem":false,"isWebExtension":true,"name":"Ecosia","userDisabled":false,"installDate":"2022-06-23T16:16:07.889Z"},"wikipedia@search.mozilla.org":{"version":"1.1","type":"extension","isSystem":false,"isWebExtension":true,"name":"Wikipedia (de)","userDisabled":false,"installDate":"2022-06-23T16:16:07.954Z"},"bing@search.mozilla.org":{"version":"1.3","type":"extension","isSystem":false,"isWebExtension":true,"name":"Bing","userDisabled":false,"installDate":"2022-06-23T16:16:07.987Z"},"ddg@search.mozilla.org":{"version":"1.1","type":"extension","isSystem":false,"isWebExtension":true,"name":"DuckDuckGo","userDisabled":false,"installDate":"2022-06-23T16:16:08.028Z"},"ebay@search.mozilla.org":{"version":"1.3","type":"extension","isSystem":false,"isWebExtension":true,"name":"eBay","userDisabled":false,"installDate":"2022-06-23T16:16:08.089Z"},"amazon@search.mozilla.org":{"version":"1.9","type":"extension","isSystem":false,"isWebExtension":true,"name":"Amazon.de","userDisabled":false,"installDate":"2022-06-23T16:16:08.963Z"}},"isFullData":true},"searchEngines":{"current":"google-b-d","installed":["google-b-d","bing","ddg","ebay-de","ecosia","leo_ende_de","wikipedia-de"]},"isDefaultBrowser":true,"devToolsOpenedCount":0,"topFrecentSites":[{"url":"https://google.com","host":"google.com","frecency":175,"lastVisitDate":1670602615443}],"recentBookmarks":[],"pinnedSites":[{"url":"https://google.com","host":"google.com","searchTopSite":true}],"providerCohorts":{"onboarding":"","cfr":"","message-groups":"","messaging-experiments":"","snippets":"","whats-new-panel":""},"totalBookmarksCount":5,"firefoxVersion":107,"region":"","needsUpdate":false,"hasPinnedTabs":false,"hasAccessedFxAPanel":false,"isWhatsNewPanelEnabled":true,"userPrefs":{"cfrFeatures":true,"cfrAddons":true,"snippets":false},"totalBlockedCount":0,"blockedCountByType":{"trackerCount":0,"cookieCount":0,"cryptominerCount":0,"fingerprinterCount":0,"socialCount":0},"attachedFxAOAuthClients":[],"platformName":"win","isChinaRepack":false,"userId":"d78e440d-48fc-4464-89cc-789ccabf3727","homePageSettings":{"isWebExt":false,"isCustomUrl":true,"urls":[{"url":"https://www.google.com/","host":"google.com"}],"isDefault":false,"isLocked":false},"newtabSettings":{"isWebExt":true,"isCustomUrl":false,"isDefault":false,"url":"moz-extension://5164b86a-9c8a-4de0-815c-91045a88f7e9/html/newtab.html","host":""},"isFissionExperimentEnabled":false,"activeNotifications":true,"isMajorUpgrade":true,"hasActiveEnterprisePolicies":false,"userMonthlyActivity":[[1,"2022-12-09"]],"doesAppNeedPin":false,"doesAppNeedPrivatePin":true,"isBackgroundTaskMode":false,"backgroundTaskName":null,"userPrefersReducedMotion":false,"colorwaysActive":true,"userEnabledActiveColorway":false,"inMr2022Holdback":false,"distributionId":""},"version":1}