{"chrome://browser/content/places/places.xhtml":{"placesContentTags":{"ordinal":"3"},"placesContentUrl":{"ordinal":"5"},"placesContentDate":{"ordinal":"7","sortDirection":"descending"},"placesContentVisitCount":{"ordinal":"9"},"placesContentDateAdded":{"ordinal":"11"},"placesContentLastModified":{"ordinal":"13"}},"chrome://browser/content/browser.xhtml":{"main-window":{"screenX":"62","screenY":"34","width":"1168","height":"641","sizemode":"maximized"},"sidebar-box":{"sidebarcommand":"","style":"--sidebar-background-color: rgb(56, 56, 61); --sidebar-text-color: rgb(249, 249, 250);"},"sidebar-title":{"value":""}}}