{"version":2,"prefs":{"privacy.containers":{"initialValue":{"privacy.userContext.enabled":true,"privacy.userContext.ui.enabled":true,"privacy.userContext.extension":"CanvasBlocker@kkapsner.de"},"precedenceList":[{"id":"CanvasBlocker@kkapsner.de","installDate":1656001095660,"value":"CanvasBlocker@kkapsner.de","enabled":true}]}},"url_overrides":{"newTabURL":{"initialValue":"about:newtab","precedenceList":[{"id":"newtaboverride@agenedia.com","installDate":1656001079002,"value":"moz-extension://5164b86a-9c8a-4de0-815c-91045a88f7e9/html/newtab.html","enabled":true}]}},"homepageNotification":{},"tabHideNotification":{},"default_search":{},"newTabNotification":{},"commands":{}}